{
    "KDHartreeFock": {
        "V1_0": 57.2718,
        "V1_asymm": 15.4446,
        "V1_A": 0.0148866,
        "V2_0_n": 0.00744685,
        "V2_A_n": 8.74895e-06,
        "V3_0_n": 2.36661e-05,
        "V3_A_n": 3.97876e-08,
        "V2_0_p": 0.0115361,
        "V2_A_p": -2.49167e-05,
        "V3_0_p": 2.84361e-05,
        "V3_A_p": 5.73763e-08,
        "V4_0": 3.53374e-08,
        "r_0": 1.16777,
        "r_A": -0.194688,
        "a_0": 0.660882,
        "a_A": 0.000202895
    },
    "KDCoulomb": {
        "r_C_0": 1.30271,
        "r_C_A": -0.195958,
        "r_C_A2": 4.8005
    },
    "KDRealSpinOrbit": {
        "V1_0": 7.6571,
        "V1_A": 0.00716403,
        "V2_0": 0.0131222,
        "r_0": 1.04099,
        "r_A": -0.0222221,
        "a_0": 0.509749
    },
    "KDImagSpinOrbit": {
        "W1_0": -1.88038,
        "W2_0": 54.7841
    },
    "KDImagVolume": {
        "W1_0_n": 14.8565,
        "W1_A_n": 0.0663254,
        "W1_0_p": 20.6498,
        "W1_A_p": 0.158255,
        "W2_0": 83.3706,
        "W2_A": 0.203207
    },
    "KDImagSurface": {
        "D1_0": 15.6909,
        "D1_asymm": 20.4443,
        "D2_0": 0.0699995,
        "D2_A": -0.0374926,
        "D2_A2": 11.4157,
        "D2_A3": 435.546,
        "D3_0": 12.2529,
        "r_0": 1.37994,
        "r_A": 0.0708546,
        "a_0_n": 0.632848,
        "a_A_n": -0.00189929,
        "a_0_p": 0.512782,
        "a_A_p": 0.00352252
    }
}