{
    "KDHartreeFock": {
        "V1_0": 54.3412,
        "V1_asymm": 21.6523,
        "V1_A": -0.0121964,
        "V2_0_n": 0.00515468,
        "V2_A_n": 2.69498e-06,
        "V3_0_n": -4.0602e-06,
        "V3_A_n": 4.58621e-08,
        "V2_0_p": 0.00321065,
        "V2_A_p": 2.02381e-05,
        "V3_0_p": -6.27257e-06,
        "V3_A_p": 9.81141e-08,
        "V4_0": -4.99056e-08,
        "r_0": 1.25946,
        "r_A": 0.278864,
        "a_0": 0.708171,
        "a_A": 0.00031654
    },
    "KDCoulomb": {
        "r_C_0": 1.06175,
        "r_C_A": 0.432235,
        "r_C_A2": 10.104
    },
    "KDRealSpinOrbit": {
        "V1_0": 5.31885,
        "V1_A": -0.000504392,
        "V2_0": 0.00795216,
        "r_0": 1.31705,
        "r_A": 1.44342,
        "a_0": 0.605447
    },
    "KDImagSpinOrbit": {
        "W1_0": -6.41755,
        "W2_0": 366.88
    },
    "KDImagVolume": {
        "W1_0_n": 24.4325,
        "W1_A_n": -0.0112017,
        "W1_0_p": 22.4549,
        "W1_A_p": 0.00380606,
        "W2_0": 116.787,
        "W2_A": -0.262066
    },
    "KDImagSurface": {
        "D1_0": 17.1747,
        "D1_asymm": 34.072,
        "D2_0": 0.0778776,
        "D2_A": -0.0520601,
        "D2_A2": 10.0491,
        "D2_A3": 305.961,
        "D3_0": 8.33768,
        "r_0": 1.46594,
        "r_A": 0.07715,
        "a_0_n": 0.541644,
        "a_A_n": -0.00030926,
        "a_0_p": 0.521527,
        "a_A_p": 0.00165854
    }
}