{
    "KDHartreeFock": {
        "V1_0": 57.5186,
        "V1_asymm": 11.9353,
        "V1_A": 0.011487,
        "V2_0_n": 0.00654899,
        "V2_A_n": -2.38163e-06,
        "V3_0_n": 1.09143e-05,
        "V3_A_n": -1.23677e-08,
        "V2_0_p": 0.00676548,
        "V2_A_p": 5.12635e-06,
        "V3_0_p": 2.64205e-05,
        "V3_A_p": -7.35468e-09,
        "V4_0": -1.90225e-10,
        "r_0": 1.24184,
        "r_A": 0.170737,
        "a_0": 0.634736,
        "a_A": -8.96639e-06
    },
    "KDCoulomb": {
        "r_C_0": 1.17036,
        "r_C_A": -0.252748,
        "r_C_A2": 5.08076
    },
    "KDRealSpinOrbit": {
        "V1_0": 5.42608,
        "V1_A": 0.0241003,
        "V2_0": 0.0147493,
        "r_0": 1.15214,
        "r_A": 1.11373,
        "a_0": 0.671834
    },
    "KDImagSpinOrbit": {
        "W1_0": -2.59248,
        "W2_0": -127.097
    },
    "KDImagVolume": {
        "W1_0_n": 20.8248,
        "W1_A_n": 0.0442188,
        "W1_0_p": 44.7364,
        "W1_A_p": 0.0102489,
        "W2_0": 127.153,
        "W2_A": -0.104467
    },
    "KDImagSurface": {
        "D1_0": 25.829,
        "D1_asymm": 17.8247,
        "D2_0": -0.00863837,
        "D2_A": 0.0464039,
        "D2_A2": 4.07878,
        "D2_A3": 255.473,
        "D3_0": 16.6429,
        "r_0": 1.35891,
        "r_A": 0.043563,
        "a_0_n": 0.487052,
        "a_A_n": -0.001491,
        "a_0_p": 0.47072,
        "a_A_p": 0.00378064
    }
}