{
    "KDHartreeFock": {
        "V1_0": 61.6657,
        "V1_asymm": -1.69406,
        "V1_A": 0.0420692,
        "V2_0_n": 0.00778806,
        "V2_A_n": 3.22602e-06,
        "V3_0_n": 2.98041e-05,
        "V3_A_n": 4.42493e-08,
        "V2_0_p": 0.0104205,
        "V2_A_p": -2.28756e-05,
        "V3_0_p": 4.81407e-05,
        "V3_A_p": -1.07469e-07,
        "V4_0": 3.80094e-08,
        "r_0": 1.22556,
        "r_A": 0.223545,
        "a_0": 0.633666,
        "a_A": -6.50014e-05
    },
    "KDCoulomb": {
        "r_C_0": 1.29325,
        "r_C_A": 0.518328,
        "r_C_A2": 16.0605
    },
    "KDRealSpinOrbit": {
        "V1_0": 5.56045,
        "V1_A": 0.016924,
        "V2_0": 0.0059374,
        "r_0": 1.09838,
        "r_A": 0.261093,
        "a_0": 0.615561
    },
    "KDImagSpinOrbit": {
        "W1_0": -1.17528,
        "W2_0": 162.868
    },
    "KDImagVolume": {
        "W1_0_n": 20.2202,
        "W1_A_n": 0.0141522,
        "W1_0_p": 15.5752,
        "W1_A_p": 0.0740092,
        "W2_0": 129.962,
        "W2_A": -0.245382
    },
    "KDImagSurface": {
        "D1_0": 24.125,
        "D1_asymm": -16.7293,
        "D2_0": 0.0468042,
        "D2_A": -0.0214659,
        "D2_A2": 2.29444,
        "D2_A3": 219.129,
        "D3_0": 24.636,
        "r_0": 1.495,
        "r_A": 0.0520134,
        "a_0_n": 0.50278,
        "a_A_n": -0.000801771,
        "a_0_p": 0.514034,
        "a_A_p": 0.00342688
    }
}