{
    "KDHartreeFock": {
        "V1_0": 56.3223,
        "V1_asymm": 24.1021,
        "V1_A": 0.0144353,
        "V2_0_n": 0.00323503,
        "V2_A_n": -8.7315e-06,
        "V3_0_n": -1.9234e-05,
        "V3_A_n": -5.39742e-08,
        "V2_0_p": 0.00688534,
        "V2_A_p": 1.02508e-06,
        "V3_0_p": 1.67514e-05,
        "V3_A_p": -7.91353e-08,
        "V4_0": -5.36974e-08,
        "r_0": 1.36646,
        "r_A": 0.657674,
        "a_0": 0.749249,
        "a_A": 0.000920449
    },
    "KDCoulomb": {
        "r_C_0": 1.4401,
        "r_C_A": -0.355371,
        "r_C_A2": 27.0265
    },
    "KDRealSpinOrbit": {
        "V1_0": 6.32308,
        "V1_A": -0.00937101,
        "V2_0": 0.000729486,
        "r_0": 0.952481,
        "r_A": 0.570872,
        "a_0": 0.688809
    },
    "KDImagSpinOrbit": {
        "W1_0": -5.01276,
        "W2_0": 135.521
    },
    "KDImagVolume": {
        "W1_0_n": 19.3725,
        "W1_A_n": 0.00753022,
        "W1_0_p": 5.9491,
        "W1_A_p": 0.239041,
        "W2_0": 83.3877,
        "W2_A": -0.0370993
    },
    "KDImagSurface": {
        "D1_0": 32.7198,
        "D1_asymm": 19.7839,
        "D2_0": 0.0363071,
        "D2_A": 0.00394057,
        "D2_A2": 7.97875,
        "D2_A3": 117.375,
        "D3_0": 19.1518,
        "r_0": 1.3636,
        "r_A": 0.0145458,
        "a_0_n": 0.571149,
        "a_A_n": 0.000861537,
        "a_0_p": 0.48007,
        "a_A_p": -8.64477e-05
    }
}