{
    "KDHartreeFock": {
        "V1_0": 58.2831,
        "V1_asymm": 24.483,
        "V1_A": 0.0102759,
        "V2_0_n": 0.00551662,
        "V2_A_n": 2.15013e-06,
        "V3_0_n": 6.7395e-06,
        "V3_A_n": 2.23276e-08,
        "V2_0_p": 0.00819035,
        "V2_A_p": 1.33069e-06,
        "V3_0_p": 3.20728e-06,
        "V3_A_p": 2.23226e-08,
        "V4_0": -2.02224e-08,
        "r_0": 1.26955,
        "r_A": 0.371165,
        "a_0": 0.660443,
        "a_A": -0.00026553
    },
    "KDCoulomb": {
        "r_C_0": 1.24603,
        "r_C_A": 1.73284,
        "r_C_A2": 21.0698
    },
    "KDRealSpinOrbit": {
        "V1_0": 5.56803,
        "V1_A": 0.0149377,
        "V2_0": 0.00467577,
        "r_0": 1.16812,
        "r_A": 0.706231,
        "a_0": 0.587553
    },
    "KDImagSpinOrbit": {
        "W1_0": -2.20222,
        "W2_0": 304.123
    },
    "KDImagVolume": {
        "W1_0_n": 14.3414,
        "W1_A_n": 0.0142925,
        "W1_0_p": 21.1169,
        "W1_A_p": 0.0351692,
        "W2_0": 85.8281,
        "W2_A": -0.120851
    },
    "KDImagSurface": {
        "D1_0": 16.6586,
        "D1_asymm": 0.440193,
        "D2_0": 0.0475545,
        "D2_A": -0.0159778,
        "D2_A2": 19.466,
        "D2_A3": 145.739,
        "D3_0": 12.2709,
        "r_0": 1.46546,
        "r_A": 0.0367326,
        "a_0_n": 0.560609,
        "a_A_n": 0.000325853,
        "a_0_p": 0.489749,
        "a_A_p": 0.00298346
    }
}