{
    "KDHartreeFock": {
        "V1_0": 58.2432,
        "V1_asymm": 37.1792,
        "V1_A": -0.00117777,
        "V2_0_n": 1.81572e-05,
        "V2_A_n": -1.71483e-05,
        "V3_0_n": -4.97475e-05,
        "V3_A_n": -7.5802e-08,
        "V2_0_p": 0.00754647,
        "V2_A_p": -6.05356e-06,
        "V3_0_p": 1.76507e-05,
        "V3_A_p": -7.94352e-08,
        "V4_0": -1.34453e-07,
        "r_0": 1.19611,
        "r_A": 0.199288,
        "a_0": 0.655351,
        "a_A": -0.000346994
    },
    "KDCoulomb": {
        "r_C_0": 1.29597,
        "r_C_A": 0.794086,
        "r_C_A2": 12.8381
    },
    "KDRealSpinOrbit": {
        "V1_0": 9.37628,
        "V1_A": 0.00717528,
        "V2_0": 0.0170142,
        "r_0": 1.11318,
        "r_A": 0.348184,
        "a_0": 0.559826
    },
    "KDImagSpinOrbit": {
        "W1_0": -1.24855,
        "W2_0": 233.252
    },
    "KDImagVolume": {
        "W1_0_n": 25.6524,
        "W1_A_n": 0.0242059,
        "W1_0_p": 43.5859,
        "W1_A_p": -0.0506749,
        "W2_0": 91.1857,
        "W2_A": -0.0420243
    },
    "KDImagSurface": {
        "D1_0": 24.4395,
        "D1_asymm": 28.0538,
        "D2_0": 0.0387133,
        "D2_A": 0.0136227,
        "D2_A2": -22.7999,
        "D2_A3": 214.798,
        "D3_0": 13.7764,
        "r_0": 1.64255,
        "r_A": 0.0637774,
        "a_0_n": 0.471256,
        "a_A_n": -0.000400887,
        "a_0_p": 0.479435,
        "a_A_p": -0.000849551
    }
}