{
    "KDHartreeFock": {
        "V1_0": 59.4029,
        "V1_asymm": 8.44041,
        "V1_A": 0.0355017,
        "V2_0_n": 0.00529364,
        "V2_A_n": 3.66307e-06,
        "V3_0_n": 7.08746e-06,
        "V3_A_n": 3.49711e-08,
        "V2_0_p": 0.00347987,
        "V2_A_p": 1.47251e-05,
        "V3_0_p": 8.13618e-07,
        "V3_A_p": 1.44255e-08,
        "V4_0": -1.98355e-09,
        "r_0": 1.28272,
        "r_A": 0.440554,
        "a_0": 0.674073,
        "a_A": -0.000190625
    },
    "KDCoulomb": {
        "r_C_0": 1.10786,
        "r_C_A": 0.854931,
        "r_C_A2": 0.908478
    },
    "KDRealSpinOrbit": {
        "V1_0": 6.80399,
        "V1_A": 0.0135941,
        "V2_0": 0.00421676,
        "r_0": 1.17553,
        "r_A": 0.490652,
        "a_0": 0.602907
    },
    "KDImagSpinOrbit": {
        "W1_0": -1.57364,
        "W2_0": 168.656
    },
    "KDImagVolume": {
        "W1_0_n": 19.089,
        "W1_A_n": -0.0153051,
        "W1_0_p": 31.2853,
        "W1_A_p": -0.0382137,
        "W2_0": 78.5616,
        "W2_A": -0.206214
    },
    "KDImagSurface": {
        "D1_0": 20.269,
        "D1_asymm": 19.1848,
        "D2_0": 0.0622953,
        "D2_A": -0.0172975,
        "D2_A2": 13.1744,
        "D2_A3": 139.897,
        "D3_0": 9.38144,
        "r_0": 1.09431,
        "r_A": -0.0411479,
        "a_0_n": 0.575085,
        "a_A_n": 0.000902212,
        "a_0_p": 0.454584,
        "a_A_p": 0.00195392
    }
}