{
    "KDHartreeFock": {
        "V1_0": 60.3587,
        "V1_asymm": 15.749,
        "V1_A": 0.0419638,
        "V2_0_n": 0.00688197,
        "V2_A_n": 1.064e-05,
        "V3_0_n": 1.45943e-05,
        "V3_A_n": 9.21302e-08,
        "V2_0_p": 0.00723083,
        "V2_A_p": -6.79407e-07,
        "V3_0_p": 2.52492e-05,
        "V3_A_p": -8.65338e-08,
        "V4_0": -2.30121e-08,
        "r_0": 1.35948,
        "r_A": 0.750018,
        "a_0": 0.697936,
        "a_A": -5.12783e-06
    },
    "KDCoulomb": {
        "r_C_0": 1.4172,
        "r_C_A": -0.4877,
        "r_C_A2": 20.0948
    },
    "KDRealSpinOrbit": {
        "V1_0": 8.06454,
        "V1_A": -0.0324933,
        "V2_0": 0.00345083,
        "r_0": 1.16653,
        "r_A": 0.397447,
        "a_0": 0.638127
    },
    "KDImagSpinOrbit": {
        "W1_0": -0.492473,
        "W2_0": 352.755
    },
    "KDImagVolume": {
        "W1_0_n": 15.4356,
        "W1_A_n": 0.00451525,
        "W1_0_p": 13.8303,
        "W1_A_p": 0.106477,
        "W2_0": 72.5848,
        "W2_A": -0.0607967
    },
    "KDImagSurface": {
        "D1_0": 26.9772,
        "D1_asymm": 20.1921,
        "D2_0": 0.0388051,
        "D2_A": -0.000244045,
        "D2_A2": -3.51618,
        "D2_A3": -40.6093,
        "D3_0": 24.7134,
        "r_0": 1.4013,
        "r_A": 0.0328415,
        "a_0_n": 0.60724,
        "a_A_n": -0.00044243,
        "a_0_p": 0.489646,
        "a_A_p": 0.0012687
    }
}