{
    "KDHartreeFock": {
        "V1_0": 63.5629,
        "V1_asymm": 44.7492,
        "V1_A": -0.0146454,
        "V2_0_n": 0.00758562,
        "V2_A_n": -5.94681e-06,
        "V3_0_n": 3.04799e-05,
        "V3_A_n": 7.21959e-09,
        "V2_0_p": 0.00734976,
        "V2_A_p": 8.28789e-06,
        "V3_0_p": 8.25347e-06,
        "V3_A_p": 1.49792e-07,
        "V4_0": 3.60114e-08,
        "r_0": 1.25291,
        "r_A": 0.456102,
        "a_0": 0.675488,
        "a_A": -0.000237138
    },
    "KDCoulomb": {
        "r_C_0": 1.24205,
        "r_C_A": 0.71821,
        "r_C_A2": 11.3135
    },
    "KDRealSpinOrbit": {
        "V1_0": 5.92078,
        "V1_A": -0.0264919,
        "V2_0": 0.000951046,
        "r_0": 1.20462,
        "r_A": 0.793025,
        "a_0": 0.655067
    },
    "KDImagSpinOrbit": {
        "W1_0": -0.136081,
        "W2_0": 197.668
    },
    "KDImagVolume": {
        "W1_0_n": 9.74696,
        "W1_A_n": 0.191038,
        "W1_0_p": 22.914,
        "W1_A_p": 0.139695,
        "W2_0": 118.728,
        "W2_A": 0.699551
    },
    "KDImagSurface": {
        "D1_0": 15.9159,
        "D1_asymm": 20.4107,
        "D2_0": 0.0399542,
        "D2_A": -0.0200786,
        "D2_A2": 5.60172,
        "D2_A3": 465.668,
        "D3_0": 14.732,
        "r_0": 1.20768,
        "r_A": 0.0318963,
        "a_0_n": 0.559467,
        "a_A_n": -0.0025128,
        "a_0_p": 0.645196,
        "a_A_p": 0.00226189
    }
}