{
    "KDHartreeFock": {
        "V1_0": 54.4746,
        "V1_asymm": 7.3957,
        "V1_A": 0.00239784,
        "V2_0_n": 0.00680533,
        "V2_A_n": -3.08484e-06,
        "V3_0_n": 1.0538e-05,
        "V3_A_n": -3.02206e-08,
        "V2_0_p": 0.0083477,
        "V2_A_p": 5.96516e-06,
        "V3_0_p": 2.24987e-05,
        "V3_A_p": 5.00337e-08,
        "V4_0": 2.21034e-09,
        "r_0": 1.22943,
        "r_A": 0.0609773,
        "a_0": 0.633168,
        "a_A": -0.000182186
    },
    "KDCoulomb": {
        "r_C_0": 1.35583,
        "r_C_A": 0.819611,
        "r_C_A2": 30.8667
    },
    "KDRealSpinOrbit": {
        "V1_0": 6.60552,
        "V1_A": 0.0118197,
        "V2_0": 0.0058452,
        "r_0": 1.08985,
        "r_A": 0.442766,
        "a_0": 0.654052
    },
    "KDImagSpinOrbit": {
        "W1_0": -3.03537,
        "W2_0": 135.626
    },
    "KDImagVolume": {
        "W1_0_n": 25.2105,
        "W1_A_n": 0.00623578,
        "W1_0_p": 11.1619,
        "W1_A_p": 0.0729669,
        "W2_0": 82.2388,
        "W2_A": 0.385764
    },
    "KDImagSurface": {
        "D1_0": 21.1742,
        "D1_asymm": 50.6312,
        "D2_0": 0.047966,
        "D2_A": -0.0152669,
        "D2_A2": -6.80397,
        "D2_A3": -12.3046,
        "D3_0": 15.2103,
        "r_0": 1.35074,
        "r_A": 0.0491766,
        "a_0_n": 0.590799,
        "a_A_n": -0.00216902,
        "a_0_p": 0.471551,
        "a_A_p": 0.00350758
    }
}