{
    "KDHartreeFock": {
        "V1_0": 55.9475,
        "V1_asymm": 3.54061,
        "V1_A": 0.0411841,
        "V2_0_n": 0.00428081,
        "V2_A_n": -2.98458e-06,
        "V3_0_n": 8.31343e-07,
        "V3_A_n": 2.99121e-09,
        "V2_0_p": 0.00580267,
        "V2_A_p": 7.01687e-06,
        "V3_0_p": 1.54439e-05,
        "V3_A_p": 4.38082e-08,
        "V4_0": -1.1672e-08,
        "r_0": 1.36874,
        "r_A": 0.6688,
        "a_0": 0.612268,
        "a_A": -0.000431764
    },
    "KDCoulomb": {
        "r_C_0": 1.18802,
        "r_C_A": 1.26532,
        "r_C_A2": 42.1674
    },
    "KDRealSpinOrbit": {
        "V1_0": 12.0821,
        "V1_A": -0.00404667,
        "V2_0": 0.0347705,
        "r_0": 1.41105,
        "r_A": 1.41049,
        "a_0": 0.600855
    },
    "KDImagSpinOrbit": {
        "W1_0": -0.426774,
        "W2_0": 141.957
    },
    "KDImagVolume": {
        "W1_0_n": 27.3452,
        "W1_A_n": -0.0305799,
        "W1_0_p": 24.2827,
        "W1_A_p": -0.0403799,
        "W2_0": 138.048,
        "W2_A": -0.139716
    },
    "KDImagSurface": {
        "D1_0": 29.8094,
        "D1_asymm": 29.4938,
        "D2_0": 0.0540734,
        "D2_A": -0.0157596,
        "D2_A2": 11.9434,
        "D2_A3": 188.435,
        "D3_0": 18.666,
        "r_0": 1.34235,
        "r_A": 0.0193162,
        "a_0_n": 0.588277,
        "a_A_n": -0.000103145,
        "a_0_p": 0.582963,
        "a_A_p": 0.000612509
    }
}