{
    "KDHartreeFock": {
        "V1_0": 63.7223,
        "V1_asymm": 32.4224,
        "V1_A": 0.0072356,
        "V2_0_n": 0.00694465,
        "V2_A_n": -3.02801e-07,
        "V3_0_n": 2.36119e-05,
        "V3_A_n": 1.38168e-08,
        "V2_0_p": 0.00611076,
        "V2_A_p": -3.21605e-06,
        "V3_0_p": 1.62993e-05,
        "V3_A_p": -2.54202e-08,
        "V4_0": 1.58827e-08,
        "r_0": 1.17737,
        "r_A": 0.256234,
        "a_0": 0.662003,
        "a_A": -0.00143817
    },
    "KDCoulomb": {
        "r_C_0": 1.02972,
        "r_C_A": 0.432495,
        "r_C_A2": 30.4694
    },
    "KDRealSpinOrbit": {
        "V1_0": 9.70368,
        "V1_A": 0.0278615,
        "V2_0": 0.0478525,
        "r_0": 1.08913,
        "r_A": -0.369328,
        "a_0": 0.558322
    },
    "KDImagSpinOrbit": {
        "W1_0": -4.26493,
        "W2_0": 289.466
    },
    "KDImagVolume": {
        "W1_0_n": 13.3915,
        "W1_A_n": -0.0388687,
        "W1_0_p": 10.5622,
        "W1_A_p": 0.11611,
        "W2_0": 51.9661,
        "W2_A": -0.0883267
    },
    "KDImagSurface": {
        "D1_0": 16.3123,
        "D1_asymm": -12.9738,
        "D2_0": 0.0313645,
        "D2_A": 0.00498846,
        "D2_A2": 12.6139,
        "D2_A3": 219.693,
        "D3_0": 13.4317,
        "r_0": 1.38409,
        "r_A": 0.0114202,
        "a_0_n": 0.490839,
        "a_A_n": -0.000419279,
        "a_0_p": 0.52669,
        "a_A_p": 2.96184e-06
    }
}