{
    "KDHartreeFock": {
        "V1_0": 56.5806,
        "V1_asymm": 33.2379,
        "V1_A": -0.0161179,
        "V2_0_n": 0.00163069,
        "V2_A_n": -8.03375e-06,
        "V3_0_n": -2.88656e-05,
        "V3_A_n": -2.12594e-08,
        "V2_0_p": 0.000660309,
        "V2_A_p": 1.40208e-05,
        "V3_0_p": -3.89381e-05,
        "V3_A_p": 4.71892e-08,
        "V4_0": -8.32239e-08,
        "r_0": 1.28044,
        "r_A": 0.495382,
        "a_0": 0.728542,
        "a_A": 0.000760641
    },
    "KDCoulomb": {
        "r_C_0": 1.15938,
        "r_C_A": -0.426708,
        "r_C_A2": 25.9412
    },
    "KDRealSpinOrbit": {
        "V1_0": 12.2789,
        "V1_A": -0.0249849,
        "V2_0": 0.0207217,
        "r_0": 1.02988,
        "r_A": 0.177766,
        "a_0": 0.577049
    },
    "KDImagSpinOrbit": {
        "W1_0": -2.84326,
        "W2_0": 98.6454
    },
    "KDImagVolume": {
        "W1_0_n": 21.7078,
        "W1_A_n": 0.0185776,
        "W1_0_p": 27.5762,
        "W1_A_p": 0.0942741,
        "W2_0": 85.3134,
        "W2_A": -0.242375
    },
    "KDImagSurface": {
        "D1_0": 17.4757,
        "D1_asymm": 37.7598,
        "D2_0": 0.0589977,
        "D2_A": -0.026689,
        "D2_A2": 10.2198,
        "D2_A3": 206.436,
        "D3_0": 2.5891,
        "r_0": 1.2595,
        "r_A": -0.00395351,
        "a_0_n": 0.508834,
        "a_A_n": 0.000323758,
        "a_0_p": 0.515861,
        "a_A_p": -0.00158538
    }
}