{
    "KDHartreeFock": {
        "V1_0": 64.9471,
        "V1_asymm": 20.6889,
        "V1_A": 0.0376596,
        "V2_0_n": 0.00877101,
        "V2_A_n": 7.39075e-06,
        "V3_0_n": 3.85929e-05,
        "V3_A_n": 5.07408e-08,
        "V2_0_p": 0.0091372,
        "V2_A_p": -3.61477e-06,
        "V3_0_p": 4.29081e-05,
        "V3_A_p": -6.31637e-09,
        "V4_0": 6.72042e-08,
        "r_0": 1.25511,
        "r_A": 0.437827,
        "a_0": 0.635905,
        "a_A": -0.000504995
    },
    "KDCoulomb": {
        "r_C_0": 1.10119,
        "r_C_A": 1.19569,
        "r_C_A2": 9.13401
    },
    "KDRealSpinOrbit": {
        "V1_0": 6.2248,
        "V1_A": -0.0151009,
        "V2_0": 0.00960159,
        "r_0": 1.15121,
        "r_A": 0.329713,
        "a_0": 0.470476
    },
    "KDImagSpinOrbit": {
        "W1_0": -1.49539,
        "W2_0": 189.058
    },
    "KDImagVolume": {
        "W1_0_n": 20.4416,
        "W1_A_n": 0.130136,
        "W1_0_p": 24.756,
        "W1_A_p": 0.00862843,
        "W2_0": 137.65,
        "W2_A": 0.484649
    },
    "KDImagSurface": {
        "D1_0": 9.05798,
        "D1_asymm": 12.4888,
        "D2_0": 0.0105548,
        "D2_A": -0.000274723,
        "D2_A2": 3.62899,
        "D2_A3": 204.746,
        "D3_0": 7.69192,
        "r_0": 1.53086,
        "r_A": 0.0731851,
        "a_0_n": 0.582567,
        "a_A_n": -0.0015861,
        "a_0_p": 0.537276,
        "a_A_p": 0.00219343
    }
}