{
    "KDHartreeFock": {
        "V1_0": 60.4966,
        "V1_asymm": 10.7289,
        "V1_A": 0.0404209,
        "V2_0_n": 0.00585814,
        "V2_A_n": 6.20698e-06,
        "V3_0_n": 1.02541e-05,
        "V3_A_n": 5.12895e-08,
        "V2_0_p": 0.009656,
        "V2_A_p": -1.54111e-05,
        "V3_0_p": 1.10269e-05,
        "V3_A_p": 6.35614e-08,
        "V4_0": -1.58848e-09,
        "r_0": 1.23423,
        "r_A": 0.252583,
        "a_0": 0.584438,
        "a_A": -0.00116652
    },
    "KDCoulomb": {
        "r_C_0": 1.30629,
        "r_C_A": 0.86817,
        "r_C_A2": 5.63512
    },
    "KDRealSpinOrbit": {
        "V1_0": 6.38933,
        "V1_A": -0.00246559,
        "V2_0": 0.00491252,
        "r_0": 1.25957,
        "r_A": 1.08935,
        "a_0": 0.561111
    },
    "KDImagSpinOrbit": {
        "W1_0": -3.73741,
        "W2_0": 264.7
    },
    "KDImagVolume": {
        "W1_0_n": 19.0354,
        "W1_A_n": 0.0581454,
        "W1_0_p": 18.1641,
        "W1_A_p": -0.0740603,
        "W2_0": 96.568,
        "W2_A": 0.169682
    },
    "KDImagSurface": {
        "D1_0": 18.8713,
        "D1_asymm": 32.2973,
        "D2_0": -0.0309698,
        "D2_A": 0.0580252,
        "D2_A2": 6.6198,
        "D2_A3": 340.339,
        "D3_0": 13.9879,
        "r_0": 1.41998,
        "r_A": 0.0332699,
        "a_0_n": 0.580178,
        "a_A_n": 0.000171628,
        "a_0_p": 0.55823,
        "a_A_p": 0.00170179
    }
}