{
    "KDHartreeFock": {
        "V1_0": 58.4568,
        "V1_asymm": 5.44615,
        "V1_A": -0.00525647,
        "V2_0_n": 0.0086338,
        "V2_A_n": 8.11044e-06,
        "V3_0_n": 2.34576e-05,
        "V3_A_n": 4.03614e-09,
        "V2_0_p": 0.00520805,
        "V2_A_p": 3.08199e-06,
        "V3_0_p": 2.13595e-06,
        "V3_A_p": 6.28745e-08,
        "V4_0": 2.69107e-08,
        "r_0": 1.21163,
        "r_A": 0.251844,
        "a_0": 0.761382,
        "a_A": 0.00134381
    },
    "KDCoulomb": {
        "r_C_0": 1.21942,
        "r_C_A": 1.00254,
        "r_C_A2": 21.439
    },
    "KDRealSpinOrbit": {
        "V1_0": 16.285,
        "V1_A": -0.012025,
        "V2_0": 0.0438914,
        "r_0": 1.36246,
        "r_A": 1.31412,
        "a_0": 0.521447
    },
    "KDImagSpinOrbit": {
        "W1_0": -0.0377706,
        "W2_0": 103.005
    },
    "KDImagVolume": {
        "W1_0_n": 21.2086,
        "W1_A_n": 0.0963421,
        "W1_0_p": 23.4215,
        "W1_A_p": -0.00929531,
        "W2_0": 59.0346,
        "W2_A": 0.113978
    },
    "KDImagSurface": {
        "D1_0": 16.629,
        "D1_asymm": 35.9602,
        "D2_0": 0.0234502,
        "D2_A": 0.0104757,
        "D2_A2": 1.84267,
        "D2_A3": 6.10082,
        "D3_0": 17.4701,
        "r_0": 1.5422,
        "r_A": 0.0670403,
        "a_0_n": 0.433873,
        "a_A_n": -0.00107526,
        "a_0_p": 0.525147,
        "a_A_p": 0.00188248
    }
}