{
    "KDHartreeFock": {
        "V1_0": 53.9437,
        "V1_asymm": 12.9281,
        "V1_A": -0.00624032,
        "V2_0_n": 0.00431666,
        "V2_A_n": -9.59271e-06,
        "V3_0_n": -4.4445e-06,
        "V3_A_n": -5.32542e-08,
        "V2_0_p": 0.00683403,
        "V2_A_p": 8.01952e-06,
        "V3_0_p": 2.88133e-05,
        "V3_A_p": -4.08174e-08,
        "V4_0": -1.26843e-08,
        "r_0": 1.18397,
        "r_A": 0.0064633,
        "a_0": 0.642369,
        "a_A": -0.0011436
    },
    "KDCoulomb": {
        "r_C_0": 1.31359,
        "r_C_A": 0.340133,
        "r_C_A2": 32.4578
    },
    "KDRealSpinOrbit": {
        "V1_0": 4.24739,
        "V1_A": 0.00686476,
        "V2_0": 0.00121417,
        "r_0": 1.23324,
        "r_A": 0.577113,
        "a_0": 0.638255
    },
    "KDImagSpinOrbit": {
        "W1_0": -2.50242,
        "W2_0": 448.026
    },
    "KDImagVolume": {
        "W1_0_n": 21.923,
        "W1_A_n": -0.0262547,
        "W1_0_p": 23.3741,
        "W1_A_p": -0.0406181,
        "W2_0": 94.3454,
        "W2_A": -0.0989134
    },
    "KDImagSurface": {
        "D1_0": 20.1043,
        "D1_asymm": -6.03746,
        "D2_0": 0.012821,
        "D2_A": 0.0202383,
        "D2_A2": 1.3064,
        "D2_A3": 378.198,
        "D3_0": 13.6182,
        "r_0": 1.29437,
        "r_A": 0.00812084,
        "a_0_n": 0.567839,
        "a_A_n": 0.000202252,
        "a_0_p": 0.443862,
        "a_A_p": 0.00365958
    }
}