{
    "KDHartreeFock": {
        "V1_0": 62.6628,
        "V1_asymm": 35.9509,
        "V1_A": 0.00668974,
        "V2_0_n": 0.00664211,
        "V2_A_n": 2.55169e-07,
        "V3_0_n": 2.05767e-05,
        "V3_A_n": 1.02188e-08,
        "V2_0_p": 0.00799998,
        "V2_A_p": 9.28134e-06,
        "V3_0_p": 3.55111e-05,
        "V3_A_p": 1.79048e-08,
        "V4_0": 3.36937e-08,
        "r_0": 1.27053,
        "r_A": 0.574973,
        "a_0": 0.713056,
        "a_A": -0.000345093
    },
    "KDCoulomb": {
        "r_C_0": 1.29676,
        "r_C_A": 0.688266,
        "r_C_A2": 25.0962
    },
    "KDRealSpinOrbit": {
        "V1_0": 8.22207,
        "V1_A": 0.00125896,
        "V2_0": 0.00983114,
        "r_0": 1.20706,
        "r_A": 0.546693,
        "a_0": 0.603303
    },
    "KDImagSpinOrbit": {
        "W1_0": -0.760636,
        "W2_0": 101.748
    },
    "KDImagVolume": {
        "W1_0_n": 22.7015,
        "W1_A_n": 0.197981,
        "W1_0_p": 28.1888,
        "W1_A_p": 0.0844738,
        "W2_0": 82.8213,
        "W2_A": 1.05268
    },
    "KDImagSurface": {
        "D1_0": 14.3563,
        "D1_asymm": 1.00519,
        "D2_0": 0.0242165,
        "D2_A": -0.0150399,
        "D2_A2": 19.03,
        "D2_A3": -20.7061,
        "D3_0": 9.50425,
        "r_0": 1.22289,
        "r_A": -0.0171241,
        "a_0_n": 0.582281,
        "a_A_n": 0.000236944,
        "a_0_p": 0.440502,
        "a_A_p": 0.00252004
    }
}