{
    "KDHartreeFock": {
        "V1_0": 56.1805,
        "V1_asymm": 8.19677,
        "V1_A": 0.0437602,
        "V2_0_n": 0.00537042,
        "V2_A_n": 2.78597e-06,
        "V3_0_n": 2.95483e-06,
        "V3_A_n": 3.30456e-09,
        "V2_0_p": 0.00520576,
        "V2_A_p": -2.55237e-05,
        "V3_0_p": -8.93584e-06,
        "V3_A_p": -1.62575e-07,
        "V4_0": -3.14698e-09,
        "r_0": 1.36957,
        "r_A": 0.642191,
        "a_0": 0.736238,
        "a_A": 0.000514987
    },
    "KDCoulomb": {
        "r_C_0": 1.22169,
        "r_C_A": 1.15739,
        "r_C_A2": 14.9256
    },
    "KDRealSpinOrbit": {
        "V1_0": 9.86455,
        "V1_A": -0.0455885,
        "V2_0": 8.59967e-05,
        "r_0": 1.36,
        "r_A": 1.42832,
        "a_0": 0.639709
    },
    "KDImagSpinOrbit": {
        "W1_0": -5.35058,
        "W2_0": 251.434
    },
    "KDImagVolume": {
        "W1_0_n": 14.454,
        "W1_A_n": 0.00768804,
        "W1_0_p": 18.1913,
        "W1_A_p": 0.0860245,
        "W2_0": 21.2878,
        "W2_A": 0.185704
    },
    "KDImagSurface": {
        "D1_0": 28.6719,
        "D1_asymm": 0.490104,
        "D2_0": 0.0705709,
        "D2_A": 0.0105776,
        "D2_A2": -0.783065,
        "D2_A3": 265.347,
        "D3_0": 11.7571,
        "r_0": 1.3565,
        "r_A": 0.0212029,
        "a_0_n": 0.429984,
        "a_A_n": -0.00016848,
        "a_0_p": 0.538877,
        "a_A_p": -0.000766336
    }
}