{
    "KDHartreeFock": {
        "V1_0": 63.6988,
        "V1_asymm": 3.25537,
        "V1_A": 0.0384985,
        "V2_0_n": 0.00695599,
        "V2_A_n": 4.3157e-06,
        "V3_0_n": 1.71504e-05,
        "V3_A_n": 2.6376e-08,
        "V2_0_p": 0.00834383,
        "V2_A_p": -2.86352e-05,
        "V3_0_p": 9.74653e-06,
        "V3_A_p": -1.49274e-07,
        "V4_0": -9.82825e-11,
        "r_0": 1.18058,
        "r_A": 0.0878553,
        "a_0": 0.667266,
        "a_A": 0.000136299
    },
    "KDCoulomb": {
        "r_C_0": 1.10513,
        "r_C_A": 2.5704,
        "r_C_A2": 28.4574
    },
    "KDRealSpinOrbit": {
        "V1_0": 5.05051,
        "V1_A": -0.00248465,
        "V2_0": 0.0032946,
        "r_0": 1.22681,
        "r_A": 0.581061,
        "a_0": 0.588462
    },
    "KDImagSpinOrbit": {
        "W1_0": -1.37937,
        "W2_0": 410.155
    },
    "KDImagVolume": {
        "W1_0_n": 13.7871,
        "W1_A_n": 0.00715298,
        "W1_0_p": 14.7696,
        "W1_A_p": 0.0239858,
        "W2_0": 58.8934,
        "W2_A": 0.0381214
    },
    "KDImagSurface": {
        "D1_0": 16.4716,
        "D1_asymm": 8.24405,
        "D2_0": 0.0150023,
        "D2_A": 0.00959648,
        "D2_A2": 11.7796,
        "D2_A3": 258.896,
        "D3_0": 16.5042,
        "r_0": 1.1746,
        "r_A": -0.0184331,
        "a_0_n": 0.531643,
        "a_A_n": -0.00013404,
        "a_0_p": 0.514099,
        "a_A_p": 0.00149809
    }
}