{
    "KDHartreeFock": {
        "V1_0": 59.0934,
        "V1_asymm": 20.4986,
        "V1_A": 0.0186596,
        "V2_0_n": 0.00733041,
        "V2_A_n": -1.05383e-05,
        "V3_0_n": 3.10777e-05,
        "V3_A_n": -2.9686e-08,
        "V2_0_p": 0.00661361,
        "V2_A_p": 1.05625e-05,
        "V3_0_p": 3.95524e-05,
        "V3_A_p": -3.91085e-08,
        "V4_0": 5.35078e-08,
        "r_0": 1.28813,
        "r_A": 0.441543,
        "a_0": 0.668996,
        "a_A": -0.000360291
    },
    "KDCoulomb": {
        "r_C_0": 1.28545,
        "r_C_A": -1.44035,
        "r_C_A2": 27.8614
    },
    "KDRealSpinOrbit": {
        "V1_0": 3.68928,
        "V1_A": 0.0193061,
        "V2_0": 0.00374944,
        "r_0": 1.2467,
        "r_A": 0.693688,
        "a_0": 0.673033
    },
    "KDImagSpinOrbit": {
        "W1_0": -3.7496,
        "W2_0": 169.172
    },
    "KDImagVolume": {
        "W1_0_n": 24.1212,
        "W1_A_n": 0.0136547,
        "W1_0_p": 26.2137,
        "W1_A_p": 0.0049455,
        "W2_0": 193.217,
        "W2_A": 0.336323
    },
    "KDImagSurface": {
        "D1_0": 8.86985,
        "D1_asymm": 5.75125,
        "D2_0": 0.000853236,
        "D2_A": 0.00757155,
        "D2_A2": 18.8019,
        "D2_A3": 281.506,
        "D3_0": 7.25415,
        "r_0": 1.33106,
        "r_A": 0.0273487,
        "a_0_n": 0.506798,
        "a_A_n": -0.00129206,
        "a_0_p": 0.511479,
        "a_A_p": 0.00185157
    }
}