{
    "KDHartreeFock": {
        "V1_0": 59.6118,
        "V1_asymm": 5.06927,
        "V1_A": 0.0161304,
        "V2_0_n": 0.00570276,
        "V2_A_n": -8.54041e-06,
        "V3_0_n": 1.85856e-05,
        "V3_A_n": -3.47507e-08,
        "V2_0_p": 0.00677727,
        "V2_A_p": -2.03444e-05,
        "V3_0_p": 2.60434e-05,
        "V3_A_p": 4.99001e-08,
        "V4_0": 3.92901e-08,
        "r_0": 1.23692,
        "r_A": 0.386546,
        "a_0": 0.659557,
        "a_A": -0.000709884
    },
    "KDCoulomb": {
        "r_C_0": 1.18746,
        "r_C_A": 2.71604,
        "r_C_A2": 19.0387
    },
    "KDRealSpinOrbit": {
        "V1_0": 10.3197,
        "V1_A": 0.0408144,
        "V2_0": 0.0276871,
        "r_0": 1.11181,
        "r_A": 0.185857,
        "a_0": 0.601319
    },
    "KDImagSpinOrbit": {
        "W1_0": -1.96036,
        "W2_0": 353.855
    },
    "KDImagVolume": {
        "W1_0_n": 27.4599,
        "W1_A_n": -0.0501985,
        "W1_0_p": 43.1288,
        "W1_A_p": 0.230685,
        "W2_0": 131.079,
        "W2_A": -0.358319
    },
    "KDImagSurface": {
        "D1_0": 24.3341,
        "D1_asymm": -4.60583,
        "D2_0": 0.0722242,
        "D2_A": -0.02816,
        "D2_A2": 21.4112,
        "D2_A3": 250.075,
        "D3_0": 16.6896,
        "r_0": 1.38396,
        "r_A": 0.0122696,
        "a_0_n": 0.611022,
        "a_A_n": 0.0010159,
        "a_0_p": 0.58073,
        "a_A_p": -0.000946048
    }
}