{
    "KDHartreeFock": {
        "V1_0": 56.6493,
        "V1_asymm": -22.4686,
        "V1_A": 0.0410661,
        "V2_0_n": 0.00435344,
        "V2_A_n": -3.1553e-06,
        "V3_0_n": -3.17654e-07,
        "V3_A_n": -2.14247e-08,
        "V2_0_p": 0.00225571,
        "V2_A_p": -1.15093e-05,
        "V3_0_p": -2.82987e-06,
        "V3_A_p": -9.7802e-08,
        "V4_0": -1.37894e-08,
        "r_0": 1.25908,
        "r_A": 0.409435,
        "a_0": 0.714213,
        "a_A": 0.000587274
    },
    "KDCoulomb": {
        "r_C_0": 1.08019,
        "r_C_A": 1.81016,
        "r_C_A2": 20.4139
    },
    "KDRealSpinOrbit": {
        "V1_0": 15.249,
        "V1_A": -0.0331818,
        "V2_0": 0.030098,
        "r_0": 1.05799,
        "r_A": 0.0224157,
        "a_0": 0.603418
    },
    "KDImagSpinOrbit": {
        "W1_0": -0.128903,
        "W2_0": 73.2727
    },
    "KDImagVolume": {
        "W1_0_n": 19.756,
        "W1_A_n": 0.00195623,
        "W1_0_p": 0.780093,
        "W1_A_p": 0.202554,
        "W2_0": 52.8395,
        "W2_A": 0.178272
    },
    "KDImagSurface": {
        "D1_0": 14.9421,
        "D1_asymm": 27.8769,
        "D2_0": 0.0183803,
        "D2_A": 0.0106994,
        "D2_A2": 11.1476,
        "D2_A3": 72.2147,
        "D3_0": 9.75633,
        "r_0": 1.30117,
        "r_A": 0.00398641,
        "a_0_n": 0.653988,
        "a_A_n": 0.00136493,
        "a_0_p": 0.527812,
        "a_A_p": 0.0010789
    }
}