{
    "KDHartreeFock": {
        "V1_0": 54.924,
        "V1_asymm": 5.43116,
        "V1_A": 0.0325434,
        "V2_0_n": 0.00492031,
        "V2_A_n": 1.09658e-05,
        "V3_0_n": -1.71802e-08,
        "V3_A_n": 8.88684e-08,
        "V2_0_p": 0.00326727,
        "V2_A_p": -3.32377e-06,
        "V3_0_p": -7.20262e-06,
        "V3_A_p": -2.30688e-07,
        "V4_0": -3.86821e-08,
        "r_0": 1.26395,
        "r_A": 0.241496,
        "a_0": 0.646502,
        "a_A": -0.000729315
    },
    "KDCoulomb": {
        "r_C_0": 1.35375,
        "r_C_A": 0.489894,
        "r_C_A2": 20.7186
    },
    "KDRealSpinOrbit": {
        "V1_0": 7.78993,
        "V1_A": 0.000145326,
        "V2_0": 0.0154856,
        "r_0": 1.11474,
        "r_A": 0.875804,
        "a_0": 0.620724
    },
    "KDImagSpinOrbit": {
        "W1_0": -0.253788,
        "W2_0": -133.092
    },
    "KDImagVolume": {
        "W1_0_n": 15.2368,
        "W1_A_n": 0.0739958,
        "W1_0_p": 21.9978,
        "W1_A_p": 0.00605458,
        "W2_0": 79.938,
        "W2_A": 0.115228
    },
    "KDImagSurface": {
        "D1_0": 13.9557,
        "D1_asymm": 0.483669,
        "D2_0": 0.0415711,
        "D2_A": -0.0147441,
        "D2_A2": 10.8456,
        "D2_A3": 161.79,
        "D3_0": 10.8225,
        "r_0": 1.15079,
        "r_A": -0.00885272,
        "a_0_n": 0.519253,
        "a_A_n": -0.000810989,
        "a_0_p": 0.517477,
        "a_A_p": 0.00152547
    }
}