{
    "KDHartreeFock": {
        "V1_0": 56.5255,
        "V1_asymm": -12.9762,
        "V1_A": 0.0710729,
        "V2_0_n": 0.00446904,
        "V2_A_n": 1.16187e-05,
        "V3_0_n": -1.95051e-05,
        "V3_A_n": 2.50776e-08,
        "V2_0_p": 0.00162095,
        "V2_A_p": 3.76924e-06,
        "V3_0_p": -2.41642e-05,
        "V3_A_p": -8.90201e-08,
        "V4_0": -8.88845e-08,
        "r_0": 1.4038,
        "r_A": 0.838756,
        "a_0": 0.706435,
        "a_A": 0.000897044
    },
    "KDCoulomb": {
        "r_C_0": 1.20514,
        "r_C_A": 0.672528,
        "r_C_A2": 14.4968
    },
    "KDRealSpinOrbit": {
        "V1_0": 11.3372,
        "V1_A": -0.0242301,
        "V2_0": 0.0246586,
        "r_0": 1.28757,
        "r_A": 0.891322,
        "a_0": 0.589731
    },
    "KDImagSpinOrbit": {
        "W1_0": -2.57407,
        "W2_0": 222.678
    },
    "KDImagVolume": {
        "W1_0_n": 28.6029,
        "W1_A_n": -0.0662154,
        "W1_0_p": 19.5403,
        "W1_A_p": -0.00044783,
        "W2_0": 79.0106,
        "W2_A": 0.29949
    },
    "KDImagSurface": {
        "D1_0": 12.4855,
        "D1_asymm": 35.0039,
        "D2_0": 0.0112166,
        "D2_A": 0.0111958,
        "D2_A2": 7.49198,
        "D2_A3": 181.133,
        "D3_0": 6.12796,
        "r_0": 1.37096,
        "r_A": 0.0321136,
        "a_0_n": 0.520855,
        "a_A_n": -0.00163871,
        "a_0_p": 0.558326,
        "a_A_p": 0.00247444
    }
}