{
    "KDHartreeFock": {
        "V1_0": 58.0729,
        "V1_asymm": 11.2594,
        "V1_A": 0.0176004,
        "V2_0_n": 0.0046109,
        "V2_A_n": -6.38252e-06,
        "V3_0_n": -3.48195e-06,
        "V3_A_n": -6.95712e-08,
        "V2_0_p": 0.00536396,
        "V2_A_p": 7.11919e-06,
        "V3_0_p": 4.05005e-06,
        "V3_A_p": 5.8195e-08,
        "V4_0": -7.81259e-09,
        "r_0": 1.21264,
        "r_A": 0.0910058,
        "a_0": 0.587438,
        "a_A": -0.000588698
    },
    "KDCoulomb": {
        "r_C_0": 1.30197,
        "r_C_A": 0.576209,
        "r_C_A2": 17.5542
    },
    "KDRealSpinOrbit": {
        "V1_0": 8.29822,
        "V1_A": -0.0326332,
        "V2_0": -0.00110751,
        "r_0": 1.20473,
        "r_A": 0.81781,
        "a_0": 0.652424
    },
    "KDImagSpinOrbit": {
        "W1_0": -6.99978,
        "W2_0": 448.45
    },
    "KDImagVolume": {
        "W1_0_n": 5.0253,
        "W1_A_n": 0.0692849,
        "W1_0_p": 16.7721,
        "W1_A_p": 0.0380231,
        "W2_0": 50.8782,
        "W2_A": 0.0749376
    },
    "KDImagSurface": {
        "D1_0": 16.176,
        "D1_asymm": 41.5653,
        "D2_0": 0.0155995,
        "D2_A": 0.0100186,
        "D2_A2": 5.85565,
        "D2_A3": 193.948,
        "D3_0": 10.4986,
        "r_0": 1.38013,
        "r_A": 0.0289922,
        "a_0_n": 0.555607,
        "a_A_n": -0.000419176,
        "a_0_p": 0.524481,
        "a_A_p": 0.000175069
    }
}