{
    "KDHartreeFock": {
        "V1_0": 62.978,
        "V1_asymm": 11.9574,
        "V1_A": 0.0534314,
        "V2_0_n": 0.00679267,
        "V2_A_n": 7.77204e-06,
        "V3_0_n": 2.37042e-05,
        "V3_A_n": 2.26969e-08,
        "V2_0_p": 0.00398455,
        "V2_A_p": 1.58885e-06,
        "V3_0_p": -4.07189e-06,
        "V3_A_p": 1.34356e-07,
        "V4_0": 4.58592e-08,
        "r_0": 1.27873,
        "r_A": 0.608747,
        "a_0": 0.716117,
        "a_A": -0.00031543
    },
    "KDCoulomb": {
        "r_C_0": 1.01618,
        "r_C_A": 1.22147,
        "r_C_A2": 18.2698
    },
    "KDRealSpinOrbit": {
        "V1_0": 11.82,
        "V1_A": -0.0270731,
        "V2_0": 0.0178176,
        "r_0": 1.2299,
        "r_A": 0.836273,
        "a_0": 0.627892
    },
    "KDImagSpinOrbit": {
        "W1_0": -6.2377,
        "W2_0": 311.966
    },
    "KDImagVolume": {
        "W1_0_n": 20.7313,
        "W1_A_n": 0.0268549,
        "W1_0_p": 27.1967,
        "W1_A_p": -0.00654849,
        "W2_0": 79.2491,
        "W2_A": 0.2102
    },
    "KDImagSurface": {
        "D1_0": 20.3219,
        "D1_asymm": 33.6015,
        "D2_0": 0.039786,
        "D2_A": 1.35508e-05,
        "D2_A2": 4.35665,
        "D2_A3": 50.3243,
        "D3_0": 11.3664,
        "r_0": 1.29457,
        "r_A": -0.0093295,
        "a_0_n": 0.518546,
        "a_A_n": -0.000431471,
        "a_0_p": 0.550203,
        "a_A_p": 0.000371551
    }
}