{
    "KDHartreeFock": {
        "V1_0": 57.0779,
        "V1_asymm": 16.4774,
        "V1_A": 0.0184437,
        "V2_0_n": 0.00639232,
        "V2_A_n": 1.23002e-05,
        "V3_0_n": 1.0534e-05,
        "V3_A_n": 6.12229e-08,
        "V2_0_p": 0.00605524,
        "V2_A_p": 8.76081e-06,
        "V3_0_p": -1.12911e-05,
        "V3_A_p": 1.74959e-07,
        "V4_0": -6.11355e-09,
        "r_0": 1.30873,
        "r_A": 0.492828,
        "a_0": 0.613213,
        "a_A": -0.000196881
    },
    "KDCoulomb": {
        "r_C_0": 1.20816,
        "r_C_A": 1.47957,
        "r_C_A2": 28.1959
    },
    "KDRealSpinOrbit": {
        "V1_0": 11.0459,
        "V1_A": -0.0202172,
        "V2_0": 0.0154306,
        "r_0": 1.14846,
        "r_A": 0.907627,
        "a_0": 0.598202
    },
    "KDImagSpinOrbit": {
        "W1_0": -5.95308,
        "W2_0": 224.077
    },
    "KDImagVolume": {
        "W1_0_n": 25.491,
        "W1_A_n": -0.0320862,
        "W1_0_p": 20.2717,
        "W1_A_p": 0.154044,
        "W2_0": 97.2846,
        "W2_A": -0.169293
    },
    "KDImagSurface": {
        "D1_0": 23.231,
        "D1_asymm": 45.8636,
        "D2_0": -0.0668124,
        "D2_A": 0.10407,
        "D2_A2": 9.06904,
        "D2_A3": 248.745,
        "D3_0": 14.006,
        "r_0": 1.39816,
        "r_A": 0.0166687,
        "a_0_n": 0.601959,
        "a_A_n": 0.000940927,
        "a_0_p": 0.533039,
        "a_A_p": 0.000507665
    }
}