{
    "KDHartreeFock": {
        "V1_0": 58.5001,
        "V1_asymm": 15.6826,
        "V1_A": 0.0204646,
        "V2_0_n": 0.00392499,
        "V2_A_n": 1.13036e-05,
        "V3_0_n": -8.95755e-06,
        "V3_A_n": 6.74338e-08,
        "V2_0_p": 0.00288398,
        "V2_A_p": 4.87679e-06,
        "V3_0_p": -1.43442e-05,
        "V3_A_p": 4.12676e-08,
        "V4_0": -5.40579e-08,
        "r_0": 1.23509,
        "r_A": 0.388111,
        "a_0": 0.645649,
        "a_A": -0.000437261
    },
    "KDCoulomb": {
        "r_C_0": 1.33655,
        "r_C_A": 0.212961,
        "r_C_A2": -1.49776
    },
    "KDRealSpinOrbit": {
        "V1_0": 2.65453,
        "V1_A": 0.0643314,
        "V2_0": 0.0150528,
        "r_0": 1.25099,
        "r_A": 0.937788,
        "a_0": 0.575652
    },
    "KDImagSpinOrbit": {
        "W1_0": -5.4352,
        "W2_0": 214.126
    },
    "KDImagVolume": {
        "W1_0_n": 21.7316,
        "W1_A_n": 0.0918322,
        "W1_0_p": 21.3116,
        "W1_A_p": 0.0186285,
        "W2_0": 114.169,
        "W2_A": -0.141941
    },
    "KDImagSurface": {
        "D1_0": 11.3401,
        "D1_asymm": 20.7024,
        "D2_0": 0.0381599,
        "D2_A": -0.0226783,
        "D2_A2": -9.0577,
        "D2_A3": -8.78635,
        "D3_0": 3.77608,
        "r_0": 1.45851,
        "r_A": 0.0527003,
        "a_0_n": 0.497991,
        "a_A_n": -0.000530741,
        "a_0_p": 0.585456,
        "a_A_p": 0.000509125
    }
}