{
    "KDHartreeFock": {
        "V1_0": 56.3915,
        "V1_asymm": 20.0984,
        "V1_A": -0.00294856,
        "V2_0_n": 0.00844134,
        "V2_A_n": 5.59289e-06,
        "V3_0_n": 3.26221e-05,
        "V3_A_n": 7.44898e-09,
        "V2_0_p": 0.00771222,
        "V2_A_p": 6.67672e-06,
        "V3_0_p": 3.65016e-05,
        "V3_A_p": -4.20747e-08,
        "V4_0": 4.52038e-08,
        "r_0": 1.24795,
        "r_A": 0.109214,
        "a_0": 0.615077,
        "a_A": 0.000249377
    },
    "KDCoulomb": {
        "r_C_0": 1.32436,
        "r_C_A": 1.39341,
        "r_C_A2": 3.90326
    },
    "KDRealSpinOrbit": {
        "V1_0": 10.9877,
        "V1_A": -0.0226369,
        "V2_0": 0.0207907,
        "r_0": 1.2544,
        "r_A": 1.11913,
        "a_0": 0.598103
    },
    "KDImagSpinOrbit": {
        "W1_0": -1.29478,
        "W2_0": 216.574
    },
    "KDImagVolume": {
        "W1_0_n": 14.4659,
        "W1_A_n": -0.031074,
        "W1_0_p": 6.3506,
        "W1_A_p": 0.197692,
        "W2_0": 55.1995,
        "W2_A": -0.192396
    },
    "KDImagSurface": {
        "D1_0": 19.7824,
        "D1_asymm": -11.0379,
        "D2_0": 0.0499633,
        "D2_A": -0.0360337,
        "D2_A2": 12.2817,
        "D2_A3": 30.8668,
        "D3_0": 12.804,
        "r_0": 1.32098,
        "r_A": 0.0272596,
        "a_0_n": 0.543786,
        "a_A_n": 0.000834509,
        "a_0_p": 0.369231,
        "a_A_p": 0.00353403
    }
}