{
    "KDHartreeFock": {
        "V1_0": 64.6562,
        "V1_asymm": 22.6493,
        "V1_A": 0.0560293,
        "V2_0_n": 0.00277524,
        "V2_A_n": -1.57413e-06,
        "V3_0_n": -2.35916e-05,
        "V3_A_n": 1.26123e-08,
        "V2_0_p": 0.00546946,
        "V2_A_p": -6.41699e-06,
        "V3_0_p": -1.98448e-06,
        "V3_A_p": -3.79839e-08,
        "V4_0": -8.46475e-08,
        "r_0": 1.304,
        "r_A": 0.727793,
        "a_0": 0.694338,
        "a_A": -0.000167017
    },
    "KDCoulomb": {
        "r_C_0": 1.10281,
        "r_C_A": -0.340229,
        "r_C_A2": 27.5879
    },
    "KDRealSpinOrbit": {
        "V1_0": 8.80831,
        "V1_A": -0.0329799,
        "V2_0": 0.00598654,
        "r_0": 1.21139,
        "r_A": 0.7094,
        "a_0": 0.585151
    },
    "KDImagSpinOrbit": {
        "W1_0": -0.7194,
        "W2_0": 103.44
    },
    "KDImagVolume": {
        "W1_0_n": 22.9693,
        "W1_A_n": 0.0344773,
        "W1_0_p": 12.7778,
        "W1_A_p": 0.092914,
        "W2_0": 74.7501,
        "W2_A": 0.087064
    },
    "KDImagSurface": {
        "D1_0": 33.9191,
        "D1_asymm": 55.495,
        "D2_0": 0.0999783,
        "D2_A": -0.0661547,
        "D2_A2": 3.38813,
        "D2_A3": 304.212,
        "D3_0": 25.4304,
        "r_0": 1.29478,
        "r_A": -0.000562059,
        "a_0_n": 0.534105,
        "a_A_n": -0.0005296,
        "a_0_p": 0.48456,
        "a_A_p": 0.000167591
    }
}