{
    "KDHartreeFock": {
        "V1_0": 57.005,
        "V1_asymm": 16.8825,
        "V1_A": 0.0102182,
        "V2_0_n": 0.00578123,
        "V2_A_n": -1.17772e-05,
        "V3_0_n": 1.74003e-05,
        "V3_A_n": -2.38742e-08,
        "V2_0_p": 0.00668185,
        "V2_A_p": 1.35215e-05,
        "V3_0_p": 2.77258e-05,
        "V3_A_p": 4.41034e-08,
        "V4_0": 3.38365e-08,
        "r_0": 1.38357,
        "r_A": 0.730282,
        "a_0": 0.730786,
        "a_A": 0.000405731
    },
    "KDCoulomb": {
        "r_C_0": 1.06949,
        "r_C_A": 1.16968,
        "r_C_A2": 12.1119
    },
    "KDRealSpinOrbit": {
        "V1_0": 8.63301,
        "V1_A": -0.021564,
        "V2_0": 0.0149142,
        "r_0": 1.02132,
        "r_A": 0.171192,
        "a_0": 0.5496
    },
    "KDImagSpinOrbit": {
        "W1_0": -1.09828,
        "W2_0": 259.057
    },
    "KDImagVolume": {
        "W1_0_n": 18.5559,
        "W1_A_n": -0.0283104,
        "W1_0_p": 19.294,
        "W1_A_p": 0.00442242,
        "W2_0": 82.4509,
        "W2_A": -0.198809
    },
    "KDImagSurface": {
        "D1_0": 25.2673,
        "D1_asymm": 18.6153,
        "D2_0": 0.00241469,
        "D2_A": 0.0404831,
        "D2_A2": 1.40132,
        "D2_A3": 278.632,
        "D3_0": 14.9954,
        "r_0": 1.37362,
        "r_A": 0.0212975,
        "a_0_n": 0.654738,
        "a_A_n": 0.00159192,
        "a_0_p": 0.553114,
        "a_A_p": 0.000220151
    }
}