{
    "KDHartreeFock": {
        "V1_0": 56.3538,
        "V1_asymm": 10.1987,
        "V1_A": 0.00846131,
        "V2_0_n": 0.00428877,
        "V2_A_n": -1.28978e-05,
        "V3_0_n": -8.31859e-06,
        "V3_A_n": -6.11589e-08,
        "V2_0_p": 0.00419185,
        "V2_A_p": 1.94783e-05,
        "V3_0_p": -1.29723e-05,
        "V3_A_p": 8.20011e-08,
        "V4_0": -3.37262e-08,
        "r_0": 1.3088,
        "r_A": 0.520027,
        "a_0": 0.700473,
        "a_A": -0.000235776
    },
    "KDCoulomb": {
        "r_C_0": 1.18938,
        "r_C_A": 1.78348,
        "r_C_A2": -1.58976
    },
    "KDRealSpinOrbit": {
        "V1_0": 6.89238,
        "V1_A": -0.0136328,
        "V2_0": 0.00742688,
        "r_0": 1.0921,
        "r_A": 0.272939,
        "a_0": 0.6257
    },
    "KDImagSpinOrbit": {
        "W1_0": -9.48769,
        "W2_0": 433.272
    },
    "KDImagVolume": {
        "W1_0_n": 21.0771,
        "W1_A_n": 0.0118002,
        "W1_0_p": 13.1474,
        "W1_A_p": 0.0495846,
        "W2_0": 49.4483,
        "W2_A": 0.139632
    },
    "KDImagSurface": {
        "D1_0": 31.2048,
        "D1_asymm": -17.6563,
        "D2_0": 0.0411773,
        "D2_A": -0.012591,
        "D2_A2": 25.3404,
        "D2_A3": -61.0636,
        "D3_0": 20.1351,
        "r_0": 1.34071,
        "r_A": 0.015619,
        "a_0_n": 0.485831,
        "a_A_n": 0.000197916,
        "a_0_p": 0.498152,
        "a_A_p": 0.000821565
    }
}