{
    "KDHartreeFock": {
        "V1_0": 54.133,
        "V1_asymm": 12.0059,
        "V1_A": 0.0211638,
        "V2_0_n": 0.00327035,
        "V2_A_n": 6.94335e-06,
        "V3_0_n": -2.43493e-05,
        "V3_A_n": 3.03481e-08,
        "V2_0_p": 0.00386116,
        "V2_A_p": 1.0788e-05,
        "V3_0_p": -1.05018e-05,
        "V3_A_p": 5.20697e-08,
        "V4_0": -8.57671e-08,
        "r_0": 1.28922,
        "r_A": 0.399877,
        "a_0": 0.751205,
        "a_A": 0.000513306
    },
    "KDCoulomb": {
        "r_C_0": 1.31833,
        "r_C_A": 1.48296,
        "r_C_A2": 22.8991
    },
    "KDRealSpinOrbit": {
        "V1_0": 6.84157,
        "V1_A": -0.00750463,
        "V2_0": 0.00561285,
        "r_0": 1.12754,
        "r_A": 0.174434,
        "a_0": 0.623927
    },
    "KDImagSpinOrbit": {
        "W1_0": -5.93402,
        "W2_0": 289.49
    },
    "KDImagVolume": {
        "W1_0_n": 18.7629,
        "W1_A_n": 0.006731,
        "W1_0_p": 10.0188,
        "W1_A_p": 0.0669176,
        "W2_0": 39.8792,
        "W2_A": 0.370567
    },
    "KDImagSurface": {
        "D1_0": 17.7642,
        "D1_asymm": 5.7816,
        "D2_0": 0.0230608,
        "D2_A": 0.0180065,
        "D2_A2": 26.6274,
        "D2_A3": 109.341,
        "D3_0": 8.34284,
        "r_0": 1.07554,
        "r_A": -0.0462616,
        "a_0_n": 0.484789,
        "a_A_n": 0.00141174,
        "a_0_p": 0.46677,
        "a_A_p": 0.00244504
    }
}