{
    "KDHartreeFock": {
        "V1_0": 63.0044,
        "V1_asymm": 16.8871,
        "V1_A": 0.033767,
        "V2_0_n": 0.00678962,
        "V2_A_n": 3.42979e-06,
        "V3_0_n": 1.87694e-05,
        "V3_A_n": 3.39198e-08,
        "V2_0_p": 0.00889047,
        "V2_A_p": -3.29755e-06,
        "V3_0_p": 3.37017e-05,
        "V3_A_p": -2.6646e-08,
        "V4_0": 1.2666e-08,
        "r_0": 1.29725,
        "r_A": 0.601195,
        "a_0": 0.723861,
        "a_A": 0.000260714
    },
    "KDCoulomb": {
        "r_C_0": 1.33965,
        "r_C_A": -0.227635,
        "r_C_A2": 10.9536
    },
    "KDRealSpinOrbit": {
        "V1_0": 4.75534,
        "V1_A": 0.0258106,
        "V2_0": 0.0175303,
        "r_0": 1.22222,
        "r_A": 0.581669,
        "a_0": 0.55822
    },
    "KDImagSpinOrbit": {
        "W1_0": -6.56371,
        "W2_0": 314.311
    },
    "KDImagVolume": {
        "W1_0_n": 24.7463,
        "W1_A_n": 0.108666,
        "W1_0_p": 25.997,
        "W1_A_p": 0.0273531,
        "W2_0": 146.638,
        "W2_A": 0.194103
    },
    "KDImagSurface": {
        "D1_0": 15.4631,
        "D1_asymm": -7.12677,
        "D2_0": 0.0450385,
        "D2_A": -0.0261111,
        "D2_A2": 16.7305,
        "D2_A3": 325.587,
        "D3_0": 18.3703,
        "r_0": 1.26003,
        "r_A": 0.0261361,
        "a_0_n": 0.621107,
        "a_A_n": -0.000717396,
        "a_0_p": 0.525567,
        "a_A_p": 0.00264798
    }
}