{
    "KDHartreeFock": {
        "V1_0": 54.9871,
        "V1_asymm": 5.5664,
        "V1_A": 0.0379018,
        "V2_0_n": 0.00563237,
        "V2_A_n": -7.52036e-06,
        "V3_0_n": 1.07597e-05,
        "V3_A_n": -2.34954e-08,
        "V2_0_p": 0.00481835,
        "V2_A_p": 2.85146e-05,
        "V3_0_p": 2.16697e-05,
        "V3_A_p": 4.67984e-08,
        "V4_0": 5.14104e-09,
        "r_0": 1.33638,
        "r_A": 0.386334,
        "a_0": 0.528503,
        "a_A": -0.000863485
    },
    "KDCoulomb": {
        "r_C_0": 1.25967,
        "r_C_A": 0.0323146,
        "r_C_A2": 4.06708
    },
    "KDRealSpinOrbit": {
        "V1_0": 7.2764,
        "V1_A": -0.00178933,
        "V2_0": 0.0190175,
        "r_0": 1.02293,
        "r_A": 0.536048,
        "a_0": 0.590028
    },
    "KDImagSpinOrbit": {
        "W1_0": -2.54275,
        "W2_0": 94.1845
    },
    "KDImagVolume": {
        "W1_0_n": 17.4416,
        "W1_A_n": 0.0171535,
        "W1_0_p": 38.4708,
        "W1_A_p": 0.126794,
        "W2_0": 77.4558,
        "W2_A": 0.0490156
    },
    "KDImagSurface": {
        "D1_0": 30.9761,
        "D1_asymm": 28.4803,
        "D2_0": 0.0555926,
        "D2_A": 0.00464555,
        "D2_A2": 18.5377,
        "D2_A3": 25.5117,
        "D3_0": 11.5791,
        "r_0": 1.12802,
        "r_A": -0.0240105,
        "a_0_n": 0.445342,
        "a_A_n": -0.00100739,
        "a_0_p": 0.490865,
        "a_A_p": 0.00106921
    }
}